CREATE TABLE OFFICES(
officeCode varchar(10),
city varchar(50),
phone varchar(50),
addressLine1 varchar(50),
addressLine2 varchar(50),
state varchar(50),
country varchar(50),
postalCode varchar(15),
territory varchar(10),
CONSTRAINT OFFICES_PK PRIMARY KEY (officeCode)
);

CREATE TABLE EMPLOYEES(
employeeNumber Int NOT NULL,
lastName varchar(50),
firstName varchar(50),
extension varchar(10),
email varchar(100),
officeCode varchar(10),
reportsTo int,
jobTitle varchar(50),
CONSTRAINT EMPLOYEES_PK PRIMARY KEY (employeeNumber),
CONSTRAINT EMPLOYEES_FK FOREIGN KEY (officeCode) REFERENCES OFFICES(officeCode)
);

CREATE TABLE CUSTOMERS(
customerNumber    int NOT NULL,
customerName    varchar(50),
contactLastName    varchar(50),
contactFirstName    varchar(50),
phone    varchar(20),
addressLine1    varchar(50),
addressLine2    varchar(50),
city    varchar(50),
state    varchar(50),
postalCode    varchar(15),
country    varchar(50),
salesRepEmployeeNumber    int,
creditLimit    int,
CONSTRAINT CUSTOMERS_PK PRIMARY KEY (customerNumber),
CONSTRAINT CUSTOMERS_FK FOREIGN KEY (salesRepEmployeeNumber) REFERENCES EMPLOYEES(employeeNumber)  
);

CREATE TABLE ORDERS(
orderNumber    int NOT NULL,
orderDate    Date,
requiredDate    Date,
shippedDate    Date,
status    varchar(15),
customerNumber    int,
CONSTRAINT ORDERS_PK PRIMARY KEY (orderNumber),
CONSTRAINT ORDERS_FK FOREIGN KEY (customerNumber) REFERENCES CUSTOMERS(customerNumber)  
);

CREATE TABLE PRODUCTS(
productCode    varchar(15) NOT NULL,
productName    varchar(70),
productLine    varchar(70),
productVendor    varchar(70),
quantityInStock    int,
buyPrice    float,
MSRP    float,
CONSTRAINT PRODUCTS_PK PRIMARY KEY (productCode)
);

CREATE TABLE ORDERDETAILS(
orderNumber    int NOT NULL,
productCode    varchar(15),
quantityOrdered    int,
priceEach    float,
orderLineNumber    int,
CONSTRAINT ORDERDETAILS_PK PRIMARY KEY (orderNumber,productCode),
CONSTRAINT ORDERDETAILS_FK FOREIGN KEY (productCode) REFERENCES PRODUCTS(productCode)  
);

CREATE TABLE PAYMENTS(
customerNumber    int NOT NULL,
checkNumber    varchar(50),
paymentDate    date,
amount    float,
CONSTRAINT PAYMENTS_PK PRIMARY KEY (customerNumber, checkNumber),
CONSTRAINT PAYMENTS_FK FOREIGN KEY (customerNumber) REFERENCES CUSTOMERS(customerNumber)  
);

select * from [dbo].[EMPLOYEES]
select * from [dbo].[OFFICES]
select * from [dbo].[ORDERDETAILS]
select * from [dbo].[ORDERS]
select * from [dbo].[PAYMENTS]
select * from [dbo].[PRODUCTS]

---offices ---------

INSERT INTO offices(officeCode,city,phone,addressLine1,addressLine2,state,country,postalCode,territory) VALUES (1,'San Francisco','+1 650 219 4782','100 Market Street','Suite 300','CA','USA','94080','NA');
INSERT INTO offices(officeCode,city,phone,addressLine1,addressLine2,state,country,postalCode,territory) VALUES (2,'Boston','+1 215 837 0825','1550 Court Place','Suite 102','MA','USA','2107','NA');
INSERT INTO offices(officeCode,city,phone,addressLine1,addressLine2,state,country,postalCode,territory) VALUES (3,'NYC','+1 212 555 3000','523 East 53rd Street','apt. 5A','NY','USA','10022','NA');
INSERT INTO offices(officeCode,city,phone,addressLine1,addressLine2,state,country,postalCode,territory) VALUES (4,'Paris','+33 14 723 4404','43 Rue Jouffroy D''abbans',NULL,NULL,'France','75017','EMEA');
INSERT INTO offices(officeCode,city,phone,addressLine1,addressLine2,state,country,postalCode,territory) VALUES (5,'Tokyo','+81 33 224 5000','4-1 Kioicho',NULL,'Chiyoda-Ku','Japan','102-8578','Japan');
INSERT INTO offices(officeCode,city,phone,addressLine1,addressLine2,state,country,postalCode,territory) VALUES (6,'Sydney','+61 2 9264 2451','5-11 Wentworth Avenue','Floor #2',NULL,'Australia','NSW 2010','APAC');
INSERT INTO offices(officeCode,city,phone,addressLine1,addressLine2,state,country,postalCode,territory) VALUES (7,'London','+44 20 7877 2041','25 Old Broad Street','Level 7',NULL,'UK','EC2N 1HN','EMEA');

----employees-----------

INSERT INTO employees(employeeNumber,lastName,firstName,extension,email,officeCode,reportsTo,jobTitle) VALUES (1002,'Murphy','Diane','x5800-1','dmurphy@classicmodelcars.com',1,NULL,'President');
INSERT INTO employees(employeeNumber,lastName,firstName,extension,email,officeCode,reportsTo,jobTitle) VALUES (1056,'Patterson','Mary','x4611-1','mpatterso@classicmodelcars.com',1,1002,'VP Sales');
INSERT INTO employees(employeeNumber,lastName,firstName,extension,email,officeCode,reportsTo,jobTitle) VALUES (1076,'Firrelli','Jeff','x9273-1','jfirrelli@classicmodelcars.com',1,1002,'VP Marketing');
INSERT INTO employees(employeeNumber,lastName,firstName,extension,email,officeCode,reportsTo,jobTitle) VALUES (1088,'Patterson','William','x4871','wpatterson@classicmodelcars.com',6,1056,'Sales Manager (APAC)');
INSERT INTO employees(employeeNumber,lastName,firstName,extension,email,officeCode,reportsTo,jobTitle) VALUES (1102,'Bondur','Gerard','x5408','gbondur@classicmodelcars.com',4,1056,'Sale Manager (EMEA)');
INSERT INTO employees(employeeNumber,lastName,firstName,extension,email,officeCode,reportsTo,jobTitle) VALUES (1143,'Bow','Anthony','x5428-1','abow@classicmodelcars.com',1,1056,'Sales Manager (NA)');
INSERT INTO employees(employeeNumber,lastName,firstName,extension,email,officeCode,reportsTo,jobTitle) VALUES (1165,'Jennings','Leslie','x3291-1','ljennings@classicmodelcars.com',1,1143,'Sales Rep');
INSERT INTO employees(employeeNumber,lastName,firstName,extension,email,officeCode,reportsTo,jobTitle) VALUES (1166,'Thompson','Leslie','x4065-1','lthompson@classicmodelcars.com',1,1143,'Sales Rep');
INSERT INTO employees(employeeNumber,lastName,firstName,extension,email,officeCode,reportsTo,jobTitle) VALUES (1188,'Firrelli','Julie','x2173','jfirrelli@classicmodelcars.com',2,1143,'Sales Rep');
INSERT INTO employees(employeeNumber,lastName,firstName,extension,email,officeCode,reportsTo,jobTitle) VALUES (1216,'Patterson','Steve','x4334','spatterson@classicmodelcars.com',2,1143,'Sales Rep');
INSERT INTO employees(employeeNumber,lastName,firstName,extension,email,officeCode,reportsTo,jobTitle) VALUES (1286,'Tseng','Foon Yue','x2248','ftseng@classicmodelcars.com',3,1143,'Sales Rep');
INSERT INTO employees(employeeNumber,lastName,firstName,extension,email,officeCode,reportsTo,jobTitle) VALUES (1323,'Vanauf','George','x4102','gvanauf@classicmodelcars.com',3,1143,'Sales Rep');
INSERT INTO employees(employeeNumber,lastName,firstName,extension,email,officeCode,reportsTo,jobTitle) VALUES (1337,'Bondur','Loui','x6493','lbondur@classicmodelcars.com',4,1102,'Sales Rep');
INSERT INTO employees(employeeNumber,lastName,firstName,extension,email,officeCode,reportsTo,jobTitle) VALUES (1370,'Hernandez','Gerard','x2028','ghernande@classicmodelcars.com',4,1102,'Sales Rep');
INSERT INTO employees(employeeNumber,lastName,firstName,extension,email,officeCode,reportsTo,jobTitle) VALUES (1401,'Castillo','Pamela','x2759','pcastillo@classicmodelcars.com',4,1102,'Sales Rep');
INSERT INTO employees(employeeNumber,lastName,firstName,extension,email,officeCode,reportsTo,jobTitle) VALUES (1501,'Bott','Larry','x2311','lbott@classicmodelcars.com',7,1102,'Sales Rep');
INSERT INTO employees(employeeNumber,lastName,firstName,extension,email,officeCode,reportsTo,jobTitle) VALUES (1504,'Jones','Barry','x102','bjones@classicmodelcars.com',7,1102,'Sales Rep');
INSERT INTO employees(employeeNumber,lastName,firstName,extension,email,officeCode,reportsTo,jobTitle) VALUES (1611,'Fixter','Andy','x101','afixter@classicmodelcars.com',6,1088,'Sales Rep');
INSERT INTO employees(employeeNumber,lastName,firstName,extension,email,officeCode,reportsTo,jobTitle) VALUES (1612,'Marsh','Peter','x102','pmarsh@classicmodelcars.com',6,1088,'Sales Rep');
INSERT INTO employees(employeeNumber,lastName,firstName,extension,email,officeCode,reportsTo,jobTitle) VALUES (1619,'King','Tom','x103','tking@classicmodelcars.com',6,1088,'Sales Rep');
INSERT INTO employees(employeeNumber,lastName,firstName,extension,email,officeCode,reportsTo,jobTitle) VALUES (1621,'Nishi','Mami','x101','mnishi@classicmodelcars.com',5,1056,'Sales Rep');
INSERT INTO employees(employeeNumber,lastName,firstName,extension,email,officeCode,reportsTo,jobTitle) VALUES (1625,'Kato','Yoshimi','x102','ykato@classicmodelcars.com',5,1621,'Sales Rep');
INSERT INTO employees(employeeNumber,lastName,firstName,extension,email,officeCode,reportsTo,jobTitle) VALUES (1702,'Gerard','Martin','x2312','mgerard@classicmodelcars.com',4,1102,'Sales Rep');

-------customers ----------------

INSERT INTO customers(customerNumber,customerName,contactLastName,contactFirstName,phone,addressLine1,addressLine2,city,state,postalCode,country,salesRepEmployeeNumber,creditLimit) VALUES (103,'Atelier graphique','Schmitt','Carine','40.32.2555','54, rue Royale',NULL,'Nantes',NULL,'44000','France',1370,21000);
INSERT INTO customers(customerNumber,customerName,contactLastName,contactFirstName,phone,addressLine1,addressLine2,city,state,postalCode,country,salesRepEmployeeNumber,creditLimit) VALUES (112,'Signal Gift Stores','King','Jean','7025551838','8489 Strong St.',NULL,'Las Vegas','NV','83030','USA',1166,71800);
INSERT INTO customers(customerNumber,customerName,contactLastName,contactFirstName,phone,addressLine1,addressLine2,city,state,postalCode,country,salesRepEmployeeNumber,creditLimit) VALUES (114,'Australian Collectors, Co.','Ferguson','Peter','03 9520 4555','636 St Kilda Road','Level 3','Melbourne','Victoria','3004','Australia',1611,117300);
INSERT INTO customers(customerNumber,customerName,contactLastName,contactFirstName,phone,addressLine1,addressLine2,city,state,postalCode,country,salesRepEmployeeNumber,creditLimit) VALUES (119,'La Rochelle Gifts','Labrune','Janine','40.67.8555','67, rue des Cinquante Otages',NULL,'Nantes',NULL,'44000','France',1370,118200);
INSERT INTO customers(customerNumber,customerName,contactLastName,contactFirstName,phone,addressLine1,addressLine2,city,state,postalCode,country,salesRepEmployeeNumber,creditLimit) VALUES (121,'Baane Mini Imports','Bergulfsen','Jonas','07-98 9555','Erling Skakkes gate 78',NULL,'Stavern',NULL,'4110','Norway',1504,81700);
INSERT INTO customers(customerNumber,customerName,contactLastName,contactFirstName,phone,addressLine1,addressLine2,city,state,postalCode,country,salesRepEmployeeNumber,creditLimit) VALUES (124,'Mini Gifts Distributors Ltd.','Nelson','Susan','4155551450','5677 Strong St.',NULL,'San Rafael','CA','97562','USA',1165,210500);
INSERT INTO customers(customerNumber,customerName,contactLastName,contactFirstName,phone,addressLine1,addressLine2,city,state,postalCode,country,salesRepEmployeeNumber,creditLimit) VALUES (125,'Havel & Zbyszek Co','Piestrzeniewicz','Zbyszek','(26) 642-7555','ul. Filtrowa 68',NULL,'Warszawa',NULL,'01-012','Poland',NULL,0);
INSERT INTO customers(customerNumber,customerName,contactLastName,contactFirstName,phone,addressLine1,addressLine2,city,state,postalCode,country,salesRepEmployeeNumber,creditLimit) VALUES (128,'Blauer See Auto, Co.','Keitel','Roland','+49 69 66 90 2555','Lyonerstr. 34',NULL,'Frankfurt',NULL,'60528','Germany',1504,59700);
INSERT INTO customers(customerNumber,customerName,contactLastName,contactFirstName,phone,addressLine1,addressLine2,city,state,postalCode,country,salesRepEmployeeNumber,creditLimit) VALUES (129,'Mini Wheels Co.','Murphy','Julie','6505555787','5557 North Pendale Street',NULL,'San Francisco','CA','94217','USA',1165,64600);
INSERT INTO customers(customerNumber,customerName,contactLastName,contactFirstName,phone,addressLine1,addressLine2,city,state,postalCode,country,salesRepEmployeeNumber,creditLimit) VALUES (131,'Land of Toys Inc.','Lee','Kwai','2125557818','897 Long Airport Avenue',NULL,'NYC','NY','10022','USA',1323,114900);
INSERT INTO customers(customerNumber,customerName,contactLastName,contactFirstName,phone,addressLine1,addressLine2,city,state,postalCode,country,salesRepEmployeeNumber,creditLimit) VALUES (141,'Euro+ Shopping Channel','Freyre','Diego','(91) 555 94 44','C/ Moralzarzal, 86',NULL,'Madrid',NULL,'28034','Spain',1370,227600);
INSERT INTO customers(customerNumber,customerName,contactLastName,contactFirstName,phone,addressLine1,addressLine2,city,state,postalCode,country,salesRepEmployeeNumber,creditLimit) VALUES (144,'Volvo Model Replicas, Co','Berglund','Christina','0921-12 3555','Berguvsvägen  8',NULL,'Luleå',NULL,'S-958 22','Sweden',1504,53100);
INSERT INTO customers(customerNumber,customerName,contactLastName,contactFirstName,phone,addressLine1,addressLine2,city,state,postalCode,country,salesRepEmployeeNumber,creditLimit) VALUES (145,'Danish Wholesale Imports','Petersen','Jytte','31 12 3555','Vinbæltet 34',NULL,'Kobenhavn',NULL,'1734','Denmark',1401,83400);
INSERT INTO customers(customerNumber,customerName,contactLastName,contactFirstName,phone,addressLine1,addressLine2,city,state,postalCode,country,salesRepEmployeeNumber,creditLimit) VALUES (146,'Saveley & Henriot, Co.','Saveley','Mary','78.32.5555','2, rue du Commerce',NULL,'Lyon',NULL,'69004','France',1337,123900);
INSERT INTO customers(customerNumber,customerName,contactLastName,contactFirstName,phone,addressLine1,addressLine2,city,state,postalCode,country,salesRepEmployeeNumber,creditLimit) VALUES (148,'Dragon Souveniers, Ltd.','Natividad','Eric','+65 221 7555','Bronz Sok.','Bronz Apt. 3/6 Tesvikiye','Singapore',NULL,'79903','Singapore',1621,103800);
INSERT INTO customers(customerNumber,customerName,contactLastName,contactFirstName,phone,addressLine1,addressLine2,city,state,postalCode,country,salesRepEmployeeNumber,creditLimit) VALUES (151,'Muscle Machine Inc','Young','Jeff','2125557413','4092 Furth Circle','Suite 400','NYC','NY','10022','USA',1286,138500);
INSERT INTO customers(customerNumber,customerName,contactLastName,contactFirstName,phone,addressLine1,addressLine2,city,state,postalCode,country,salesRepEmployeeNumber,creditLimit) VALUES (157,'Diecast Classics Inc.','Leong','Kelvin','2155551555','7586 Pompton St.',NULL,'Allentown','PA','70267','USA',1216,100600);
INSERT INTO customers(customerNumber,customerName,contactLastName,contactFirstName,phone,addressLine1,addressLine2,city,state,postalCode,country,salesRepEmployeeNumber,creditLimit) VALUES (161,'Technics Stores Inc.','Hashimoto','Juri','6505556809','9408 Furth Circle',NULL,'Burlingame','CA','94217','USA',1165,84600);
INSERT INTO customers(customerNumber,customerName,contactLastName,contactFirstName,phone,addressLine1,addressLine2,city,state,postalCode,country,salesRepEmployeeNumber,creditLimit) VALUES (166,'Handji Gifts& Co','Victorino','Wendy','+65 224 1555','106 Linden Road Sandown','2nd Floor','Singapore',NULL,'69045','Singapore',1612,97900);
INSERT INTO customers(customerNumber,customerName,contactLastName,contactFirstName,phone,addressLine1,addressLine2,city,state,postalCode,country,salesRepEmployeeNumber,creditLimit) VALUES (167,'Herkku Gifts','Oeztan','Veysel','+47 2267 3215','Brehmen St. 121','PR 334 Sentrum','Bergen',NULL,'N 5804','Norway',1504,96800);
INSERT INTO customers(customerNumber,customerName,contactLastName,contactFirstName,phone,addressLine1,addressLine2,city,state,postalCode,country,salesRepEmployeeNumber,creditLimit) VALUES (168,'American Souvenirs Inc','Franco','Keith','2035557845','149 Spinnaker Dr.','Suite 101','New Haven','CT','97823','USA',1286,0);
INSERT INTO customers(customerNumber,customerName,contactLastName,contactFirstName,phone,addressLine1,addressLine2,city,state,postalCode,country,salesRepEmployeeNumber,creditLimit) VALUES (169,'Porto Imports Co.','de Castro','Isabel','(1) 356-5555','Estrada da saúde n. 58',NULL,'Lisboa',NULL,'1756','Portugal',NULL,0);
INSERT INTO customers(customerNumber,customerName,contactLastName,contactFirstName,phone,addressLine1,addressLine2,city,state,postalCode,country,salesRepEmployeeNumber,creditLimit) VALUES (171,'Daedalus Designs Imports','Rancé','Martine','20.16.1555','184, chaussée de Tournai',NULL,'Lille',NULL,'59000','France',1370,82900);
INSERT INTO customers(customerNumber,customerName,contactLastName,contactFirstName,phone,addressLine1,addressLine2,city,state,postalCode,country,salesRepEmployeeNumber,creditLimit) VALUES (172,'La Corne D''abondance, Co.','Bertrand','Marie','(1) 42.34.2555','265, boulevard Charonne',NULL,'Paris',NULL,'75012','France',1337,84300);
INSERT INTO customers(customerNumber,customerName,contactLastName,contactFirstName,phone,addressLine1,addressLine2,city,state,postalCode,country,salesRepEmployeeNumber,creditLimit) VALUES (173,'Cambridge Collectables Co.','Tseng','Jerry','6175555555','4658 Baden Av.',NULL,'Cambridge','MA','51247','USA',1188,43400);
INSERT INTO customers(customerNumber,customerName,contactLastName,contactFirstName,phone,addressLine1,addressLine2,city,state,postalCode,country,salesRepEmployeeNumber,creditLimit) VALUES (175,'Gift Depot Inc.','King','Julie','2035552570','25593 South Bay Ln.',NULL,'Bridgewater','CT','97562','USA',1323,84300);
INSERT INTO customers(customerNumber,customerName,contactLastName,contactFirstName,phone,addressLine1,addressLine2,city,state,postalCode,country,salesRepEmployeeNumber,creditLimit) VALUES (177,'Osaka Souveniers Co.','Kentary','Mory','+81 06 6342 5555','1-6-20 Dojima',NULL,'Kita-ku','Osaka','530-0003','Japan',1621,81200);
INSERT INTO customers(customerNumber,customerName,contactLastName,contactFirstName,phone,addressLine1,addressLine2,city,state,postalCode,country,salesRepEmployeeNumber,creditLimit) VALUES (181,'Vitachrome Inc.','Frick','Michael','2125551500','2678 Kingston Rd.','Suite 101','NYC','NY','10022','USA',1286,76400);
INSERT INTO customers(customerNumber,customerName,contactLastName,contactFirstName,phone,addressLine1,addressLine2,city,state,postalCode,country,salesRepEmployeeNumber,creditLimit) VALUES (186,'Toys of Finland, Co.','Karttunen','Matti','90-224 8555','Keskuskatu 45',NULL,'Helsinki',NULL,'21240','Finland',1501,96500);
INSERT INTO customers(customerNumber,customerName,contactLastName,contactFirstName,phone,addressLine1,addressLine2,city,state,postalCode,country,salesRepEmployeeNumber,creditLimit) VALUES (187,'AV Stores, Co.','Ashworth','Rachel','(171) 555-1555','Fauntleroy Circus',NULL,'Manchester',NULL,'EC2 5NT','UK',1501,136800);
INSERT INTO customers(customerNumber,customerName,contactLastName,contactFirstName,phone,addressLine1,addressLine2,city,state,postalCode,country,salesRepEmployeeNumber,creditLimit) VALUES (189,'Clover Collections, Co.','Cassidy','Dean','+353 1862 1555','25 Maiden Lane','Floor No. 4','Dublin',NULL,'2','Ireland',1504,69400);
INSERT INTO customers(customerNumber,customerName,contactLastName,contactFirstName,phone,addressLine1,addressLine2,city,state,postalCode,country,salesRepEmployeeNumber,creditLimit) VALUES (198,'Auto-Moto Classics Inc.','Taylor','Leslie','6175558428','16780 Pompton St.',NULL,'Brickhaven','MA','58339','USA',1216,23000);
INSERT INTO customers(customerNumber,customerName,contactLastName,contactFirstName,phone,addressLine1,addressLine2,city,state,postalCode,country,salesRepEmployeeNumber,creditLimit) VALUES (201,'UK Collectables, Ltd.','Devon','Elizabeth','(171) 555-2282','12, Berkeley Gardens Blvd',NULL,'Liverpool',NULL,'WX1 6LT','UK',1501,92700);
INSERT INTO customers(customerNumber,customerName,contactLastName,contactFirstName,phone,addressLine1,addressLine2,city,state,postalCode,country,salesRepEmployeeNumber,creditLimit) VALUES (202,'Canadian Gift Exchange Network','Tamuri','Yoshi','(604) 555-3392','1900 Oak St.',NULL,'Vancouver','BC','V3F 2K1','Canada',1323,90300);
INSERT INTO customers(customerNumber,customerName,contactLastName,contactFirstName,phone,addressLine1,addressLine2,city,state,postalCode,country,salesRepEmployeeNumber,creditLimit) VALUES (204,'Online Mini Collectables','Barajas','Miguel','6175557555','7635 Spinnaker Dr.',NULL,'Brickhaven','MA','58339','USA',1188,68700);
INSERT INTO customers(customerNumber,customerName,contactLastName,contactFirstName,phone,addressLine1,addressLine2,city,state,postalCode,country,salesRepEmployeeNumber,creditLimit) VALUES (205,'Toys4GrownUps.com','Young','Julie','6265557265','78934 Hillside Dr.',NULL,'Pasadena','CA','90003','USA',1166,90700);
INSERT INTO customers(customerNumber,customerName,contactLastName,contactFirstName,phone,addressLine1,addressLine2,city,state,postalCode,country,salesRepEmployeeNumber,creditLimit) VALUES (206,'Asian Shopping Network, Co','Walker','Brydey','+612 9411 1555','Suntec Tower Three','8 Temasek','Singapore',NULL,'38988','Singapore',NULL,0);
INSERT INTO customers(customerNumber,customerName,contactLastName,contactFirstName,phone,addressLine1,addressLine2,city,state,postalCode,country,salesRepEmployeeNumber,creditLimit) VALUES (209,'Mini Caravy','Citeaux','Frédérique','88.60.1555','24, place Kléber',NULL,'Strasbourg',NULL,'67000','France',1370,53800);
INSERT INTO customers(customerNumber,customerName,contactLastName,contactFirstName,phone,addressLine1,addressLine2,city,state,postalCode,country,salesRepEmployeeNumber,creditLimit) VALUES (211,'King Kong Collectables, Co.','Gao','Mike','+852 2251 1555','Bank of China Tower','1 Garden Road','Central Hong Kong',NULL,NULL,'Hong Kong',1621,58600);
INSERT INTO customers(customerNumber,customerName,contactLastName,contactFirstName,phone,addressLine1,addressLine2,city,state,postalCode,country,salesRepEmployeeNumber,creditLimit) VALUES (216,'Enaco Distributors','Saavedra','Eduardo','(93) 203 4555','Rambla de Cataluña, 23',NULL,'Barcelona',NULL,'8022','Spain',1702,60300);
INSERT INTO customers(customerNumber,customerName,contactLastName,contactFirstName,phone,addressLine1,addressLine2,city,state,postalCode,country,salesRepEmployeeNumber,creditLimit) VALUES (219,'Boards & Toys Co.','Young','Mary','3105552373','4097 Douglas Av.',NULL,'Glendale','CA','92561','USA',1166,11000);
INSERT INTO customers(customerNumber,customerName,contactLastName,contactFirstName,phone,addressLine1,addressLine2,city,state,postalCode,country,salesRepEmployeeNumber,creditLimit) VALUES (223,'Natürlich Autos','Kloss','Horst','0372-555188','Taucherstraße 10',NULL,'Cunewalde',NULL,'1307','Germany',NULL,0);
INSERT INTO customers(customerNumber,customerName,contactLastName,contactFirstName,phone,addressLine1,addressLine2,city,state,postalCode,country,salesRepEmployeeNumber,creditLimit) VALUES (227,'Heintze Collectables','Ibsen','Palle','86 21 3555','Smagsloget 45',NULL,'Århus',NULL,'8200','Denmark',1401,120800);
INSERT INTO customers(customerNumber,customerName,contactLastName,contactFirstName,phone,addressLine1,addressLine2,city,state,postalCode,country,salesRepEmployeeNumber,creditLimit) VALUES (233,'Québec Home Shopping Network','Fresnière','Jean','(514) 555-8054','43 rue St. Laurent',NULL,'Montréal','Québec','H1J 1C3','Canada',1286,48700);
INSERT INTO customers(customerNumber,customerName,contactLastName,contactFirstName,phone,addressLine1,addressLine2,city,state,postalCode,country,salesRepEmployeeNumber,creditLimit) VALUES (237,'ANG Resellers','Camino','Alejandra','(91) 745 6555','Gran Vía, 1',NULL,'Madrid',NULL,'28001','Spain',NULL,0);
INSERT INTO customers(customerNumber,customerName,contactLastName,contactFirstName,phone,addressLine1,addressLine2,city,state,postalCode,country,salesRepEmployeeNumber,creditLimit) VALUES (239,'Collectable Mini Designs Co.','Thompson','Valarie','7605558146','361 Furth Circle',NULL,'San Diego','CA','91217','USA',1166,105000);
INSERT INTO customers(customerNumber,customerName,contactLastName,contactFirstName,phone,addressLine1,addressLine2,city,state,postalCode,country,salesRepEmployeeNumber,creditLimit) VALUES (240,'giftsbymail.co.uk','Bennett','Helen','(198) 555-8888','Garden House','Crowther Way 23','Cowes','Isle of Wight','PO31 7PJ','UK',1501,93900);
INSERT INTO customers(customerNumber,customerName,contactLastName,contactFirstName,phone,addressLine1,addressLine2,city,state,postalCode,country,salesRepEmployeeNumber,creditLimit) VALUES (242,'Alpha Cognac','Roulet','Annette','61.77.6555','1 rue Alsace-Lorraine',NULL,'Toulouse',NULL,'31000','France',1370,61100);
INSERT INTO customers(customerNumber,customerName,contactLastName,contactFirstName,phone,addressLine1,addressLine2,city,state,postalCode,country,salesRepEmployeeNumber,creditLimit) VALUES (247,'Messner Shopping Network','Messner','Renate','069-0555984','Magazinweg 7',NULL,'Frankfurt',NULL,'60528','Germany',NULL,0);
INSERT INTO customers(customerNumber,customerName,contactLastName,contactFirstName,phone,addressLine1,addressLine2,city,state,postalCode,country,salesRepEmployeeNumber,creditLimit) VALUES (249,'Amica Models & Co.','Accorti','Paolo','011-4988555','Via Monte Bianco 34',NULL,'Torino',NULL,'10100','Italy',1401,113000);
INSERT INTO customers(customerNumber,customerName,contactLastName,contactFirstName,phone,addressLine1,addressLine2,city,state,postalCode,country,salesRepEmployeeNumber,creditLimit) VALUES (250,'Lyon Souveniers','Da Silva','Daniel','+33 1 46 62 7555','27 rue du Colonel Pierre Avia',NULL,'Paris',NULL,'75508','France',1337,68100);
INSERT INTO customers(customerNumber,customerName,contactLastName,contactFirstName,phone,addressLine1,addressLine2,city,state,postalCode,country,salesRepEmployeeNumber,creditLimit) VALUES (256,'Auto Associés & Cie.','Tonini','Daniel','30.59.8555','67, avenue de l''Europe',NULL,'Versailles',NULL,'78000','France',1370,77900);
INSERT INTO customers(customerNumber,customerName,contactLastName,contactFirstName,phone,addressLine1,addressLine2,city,state,postalCode,country,salesRepEmployeeNumber,creditLimit) VALUES (259,'Toms Spezialitäten, Ltd','Pfalzheim','Henriette','0221-5554327','Mehrheimerstr. 369',NULL,'Köln',NULL,'50739','Germany',1504,120400);
INSERT INTO customers(customerNumber,customerName,contactLastName,contactFirstName,phone,addressLine1,addressLine2,city,state,postalCode,country,salesRepEmployeeNumber,creditLimit) VALUES (260,'Royal Canadian Collectables, Ltd.','Lincoln','Elizabeth','(604) 555-4555','23 Tsawassen Blvd.',NULL,'Tsawassen','BC','T2F 8M4','Canada',1323,89600);
INSERT INTO customers(customerNumber,customerName,contactLastName,contactFirstName,phone,addressLine1,addressLine2,city,state,postalCode,country,salesRepEmployeeNumber,creditLimit) VALUES (273,'Franken Gifts, Co','Franken','Peter','089-0877555','Berliner Platz 43',NULL,'München',NULL,'80805','Germany',NULL,0);
INSERT INTO customers(customerNumber,customerName,contactLastName,contactFirstName,phone,addressLine1,addressLine2,city,state,postalCode,country,salesRepEmployeeNumber,creditLimit) VALUES (276,'Anna''s Decorations, Ltd','O''Hara','Anna','02 9936 8555','201 Miller Street','Level 15','North Sydney','NSW','2060','Australia',1611,107800);
INSERT INTO customers(customerNumber,customerName,contactLastName,contactFirstName,phone,addressLine1,addressLine2,city,state,postalCode,country,salesRepEmployeeNumber,creditLimit) VALUES (278,'Rovelli Gifts','Rovelli','Giovanni','035-640555','Via Ludovico il Moro 22',NULL,'Bergamo',NULL,'24100','Italy',1401,119600);
INSERT INTO customers(customerNumber,customerName,contactLastName,contactFirstName,phone,addressLine1,addressLine2,city,state,postalCode,country,salesRepEmployeeNumber,creditLimit) VALUES (282,'Souveniers And Things Co.','Huxley','Adrian','+61 2 9495 8555','Monitor Money Building','815 Pacific Hwy','Chatswood','NSW','2067','Australia',1611,93300);
INSERT INTO customers(customerNumber,customerName,contactLastName,contactFirstName,phone,addressLine1,addressLine2,city,state,postalCode,country,salesRepEmployeeNumber,creditLimit) VALUES (286,'Marta''s Replicas Co.','Hernandez','Marta','6175558555','39323 Spinnaker Dr.',NULL,'Cambridge','MA','51247','USA',1216,123700);
INSERT INTO customers(customerNumber,customerName,contactLastName,contactFirstName,phone,addressLine1,addressLine2,city,state,postalCode,country,salesRepEmployeeNumber,creditLimit) VALUES (293,'BG&E Collectables','Harrison','Ed','+41 26 425 50 01','Rte des Arsenaux 41',NULL,'Fribourg',NULL,'1700','Switzerland',NULL,0);
INSERT INTO customers(customerNumber,customerName,contactLastName,contactFirstName,phone,addressLine1,addressLine2,city,state,postalCode,country,salesRepEmployeeNumber,creditLimit) VALUES (298,'Vida Sport, Ltd','Holz','Mihael','0897-034555','Grenzacherweg 237',NULL,'Genève',NULL,'1203','Switzerland',1702,141300);
INSERT INTO customers(customerNumber,customerName,contactLastName,contactFirstName,phone,addressLine1,addressLine2,city,state,postalCode,country,salesRepEmployeeNumber,creditLimit) VALUES (299,'Norway Gifts By Mail, Co.','Klaeboe','Jan','+47 2212 1555','Drammensveien 126A','PB 211 Sentrum','Oslo',NULL,'N 0106','Norway',1504,95100);
INSERT INTO customers(customerNumber,customerName,contactLastName,contactFirstName,phone,addressLine1,addressLine2,city,state,postalCode,country,salesRepEmployeeNumber,creditLimit) VALUES (303,'Schuyler Imports','Schuyler','Bradley','+31 20 491 9555','Kingsfordweg 151',NULL,'Amsterdam',NULL,'1043 GR','Netherlands',NULL,0);
INSERT INTO customers(customerNumber,customerName,contactLastName,contactFirstName,phone,addressLine1,addressLine2,city,state,postalCode,country,salesRepEmployeeNumber,creditLimit) VALUES (307,'Der Hund Imports','Andersen','Mel','030-0074555','Obere Str. 57',NULL,'Berlin',NULL,'12209','Germany',NULL,0);
INSERT INTO customers(customerNumber,customerName,contactLastName,contactFirstName,phone,addressLine1,addressLine2,city,state,postalCode,country,salesRepEmployeeNumber,creditLimit) VALUES (311,'Oulu Toy Supplies, Inc.','Koskitalo','Pirkko','981-443655','Torikatu 38',NULL,'Oulu',NULL,'90110','Finland',1501,90500);
INSERT INTO customers(customerNumber,customerName,contactLastName,contactFirstName,phone,addressLine1,addressLine2,city,state,postalCode,country,salesRepEmployeeNumber,creditLimit) VALUES (314,'Petit Auto','Dewey','Catherine','(02) 5554 67','Rue Joseph-Bens 532',NULL,'Bruxelles',NULL,'B-1180','Belgium',1401,79900);
INSERT INTO customers(customerNumber,customerName,contactLastName,contactFirstName,phone,addressLine1,addressLine2,city,state,postalCode,country,salesRepEmployeeNumber,creditLimit) VALUES (319,'Mini Classics','Frick','Steve','9145554562','3758 North Pendale Street',NULL,'White Plains','NY','24067','USA',1323,102700);
INSERT INTO customers(customerNumber,customerName,contactLastName,contactFirstName,phone,addressLine1,addressLine2,city,state,postalCode,country,salesRepEmployeeNumber,creditLimit) VALUES (320,'Mini Creations Ltd.','Huang','Wing','5085559555','4575 Hillside Dr.',NULL,'New Bedford','MA','50553','USA',1188,94500);
INSERT INTO customers(customerNumber,customerName,contactLastName,contactFirstName,phone,addressLine1,addressLine2,city,state,postalCode,country,salesRepEmployeeNumber,creditLimit) VALUES (321,'Corporate Gift Ideas Co.','Brown','Julie','6505551386','7734 Strong St.',NULL,'San Francisco','CA','94217','USA',1165,105000);
INSERT INTO customers(customerNumber,customerName,contactLastName,contactFirstName,phone,addressLine1,addressLine2,city,state,postalCode,country,salesRepEmployeeNumber,creditLimit) VALUES (323,'Down Under Souveniers, Inc','Graham','Mike','+64 9 312 5555','162-164 Grafton Road','Level 2','Auckland',NULL,NULL,'New Zealand',1612,88000);
INSERT INTO customers(customerNumber,customerName,contactLastName,contactFirstName,phone,addressLine1,addressLine2,city,state,postalCode,country,salesRepEmployeeNumber,creditLimit) VALUES (324,'Stylish Desk Decors, Co.','Brown','Ann','(171) 555-0297','35 King George',NULL,'London',NULL,'WX3 6FW','UK',1501,77000);
INSERT INTO customers(customerNumber,customerName,contactLastName,contactFirstName,phone,addressLine1,addressLine2,city,state,postalCode,country,salesRepEmployeeNumber,creditLimit) VALUES (328,'Tekni Collectables Inc.','Brown','William','2015559350','7476 Moss Rd.',NULL,'Newark','NJ','94019','USA',1323,43000);
INSERT INTO customers(customerNumber,customerName,contactLastName,contactFirstName,phone,addressLine1,addressLine2,city,state,postalCode,country,salesRepEmployeeNumber,creditLimit) VALUES (333,'Australian Gift Network, Co','Calaghan','Ben','61-7-3844-6555','31 Duncan St. West End',NULL,'South Brisbane','Queensland','4101','Australia',1611,51600);
INSERT INTO customers(customerNumber,customerName,contactLastName,contactFirstName,phone,addressLine1,addressLine2,city,state,postalCode,country,salesRepEmployeeNumber,creditLimit) VALUES (334,'Suominen Souveniers','Suominen','Kalle','+358 9 8045 555','Software Engineering Center','SEC Oy','Espoo',NULL,'FIN-02271','Finland',1501,98800);
INSERT INTO customers(customerNumber,customerName,contactLastName,contactFirstName,phone,addressLine1,addressLine2,city,state,postalCode,country,salesRepEmployeeNumber,creditLimit) VALUES (335,'Cramer Spezialitäten, Ltd','Cramer','Philip','0555-09555','Maubelstr. 90',NULL,'Brandenburg',NULL,'14776','Germany',NULL,0);
INSERT INTO customers(customerNumber,customerName,contactLastName,contactFirstName,phone,addressLine1,addressLine2,city,state,postalCode,country,salesRepEmployeeNumber,creditLimit) VALUES (339,'Classic Gift Ideas, Inc','Cervantes','Francisca','2155554695','782 First Street',NULL,'Philadelphia','PA','71270','USA',1188,81100);
INSERT INTO customers(customerNumber,customerName,contactLastName,contactFirstName,phone,addressLine1,addressLine2,city,state,postalCode,country,salesRepEmployeeNumber,creditLimit) VALUES (344,'CAF Imports','Fernandez','Jesus','+34 913 728 555','Merchants House','27-30 Merchant''s Quay','Madrid',NULL,'28023','Spain',1702,59600);
INSERT INTO customers(customerNumber,customerName,contactLastName,contactFirstName,phone,addressLine1,addressLine2,city,state,postalCode,country,salesRepEmployeeNumber,creditLimit) VALUES (347,'Men ''R'' US Retailers, Ltd.','Chandler','Brian','2155554369','6047 Douglas Av.',NULL,'Los Angeles','CA','91003','USA',1166,57700);
INSERT INTO customers(customerNumber,customerName,contactLastName,contactFirstName,phone,addressLine1,addressLine2,city,state,postalCode,country,salesRepEmployeeNumber,creditLimit) VALUES (348,'Asian Treasures, Inc.','McKenna','Patricia','2967 555','8 Johnstown Road',NULL,'Cork','Co. Cork',NULL,'Ireland',NULL,0);
INSERT INTO customers(customerNumber,customerName,contactLastName,contactFirstName,phone,addressLine1,addressLine2,city,state,postalCode,country,salesRepEmployeeNumber,creditLimit) VALUES (350,'Marseille Mini Autos','Lebihan','Laurence','91.24.4555','12, rue des Bouchers',NULL,'Marseille',NULL,'13008','France',1337,65000);
INSERT INTO customers(customerNumber,customerName,contactLastName,contactFirstName,phone,addressLine1,addressLine2,city,state,postalCode,country,salesRepEmployeeNumber,creditLimit) VALUES (353,'Reims Collectables','Henriot','Paul','26.47.1555','59 rue de l''Abbaye',NULL,'Reims',NULL,'51100','France',1337,81100);
INSERT INTO customers(customerNumber,customerName,contactLastName,contactFirstName,phone,addressLine1,addressLine2,city,state,postalCode,country,salesRepEmployeeNumber,creditLimit) VALUES (356,'SAR Distributors, Co','Kuger','Armand','+27 21 550 3555','1250 Pretorius Street',NULL,'Hatfield','Pretoria','28','South Africa',NULL,0);
INSERT INTO customers(customerNumber,customerName,contactLastName,contactFirstName,phone,addressLine1,addressLine2,city,state,postalCode,country,salesRepEmployeeNumber,creditLimit) VALUES (357,'GiftsForHim.com','MacKinlay','Wales','64-9-3763555','199 Great North Road',NULL,'Auckland',NULL,NULL,'New Zealand',1612,77700);
INSERT INTO customers(customerNumber,customerName,contactLastName,contactFirstName,phone,addressLine1,addressLine2,city,state,postalCode,country,salesRepEmployeeNumber,creditLimit) VALUES (361,'Kommission Auto','Josephs','Karin','0251-555259','Luisenstr. 48',NULL,'Münster',NULL,'44087','Germany',NULL,0);
INSERT INTO customers(customerNumber,customerName,contactLastName,contactFirstName,phone,addressLine1,addressLine2,city,state,postalCode,country,salesRepEmployeeNumber,creditLimit) VALUES (362,'Gifts4AllAges.com','Yoshido','Juri','6175559555','8616 Spinnaker Dr.',NULL,'Boston','MA','51003','USA',1216,41900);
INSERT INTO customers(customerNumber,customerName,contactLastName,contactFirstName,phone,addressLine1,addressLine2,city,state,postalCode,country,salesRepEmployeeNumber,creditLimit) VALUES (363,'Online Diecast Creations Co.','Young','Dorothy','6035558647','2304 Long Airport Avenue',NULL,'Nashua','NH','62005','USA',1216,114200);
INSERT INTO customers(customerNumber,customerName,contactLastName,contactFirstName,phone,addressLine1,addressLine2,city,state,postalCode,country,salesRepEmployeeNumber,creditLimit) VALUES (369,'Lisboa Souveniers, Inc','Rodriguez','Lino','(1) 354-2555','Jardim das rosas n. 32',NULL,'Lisboa',NULL,'1675','Portugal',NULL,0);
INSERT INTO customers(customerNumber,customerName,contactLastName,contactFirstName,phone,addressLine1,addressLine2,city,state,postalCode,country,salesRepEmployeeNumber,creditLimit) VALUES (376,'Precious Collectables','Urs','Braun','0452-076555','Hauptstr. 29',NULL,'Bern',NULL,'3012','Switzerland',1702,0);
INSERT INTO customers(customerNumber,customerName,contactLastName,contactFirstName,phone,addressLine1,addressLine2,city,state,postalCode,country,salesRepEmployeeNumber,creditLimit) VALUES (379,'Collectables For Less Inc.','Nelson','Allen','6175558555','7825 Douglas Av.',NULL,'Brickhaven','MA','58339','USA',1188,70700);
INSERT INTO customers(customerNumber,customerName,contactLastName,contactFirstName,phone,addressLine1,addressLine2,city,state,postalCode,country,salesRepEmployeeNumber,creditLimit) VALUES (381,'Royale Belge','Cartrain','Pascale','(071) 23 67 2555','Boulevard Tirou, 255',NULL,'Charleroi',NULL,'B-6000','Belgium',1401,23500);
INSERT INTO customers(customerNumber,customerName,contactLastName,contactFirstName,phone,addressLine1,addressLine2,city,state,postalCode,country,salesRepEmployeeNumber,creditLimit) VALUES (382,'Salzburg Collectables','Pipps','Georg','6562-9555','Geislweg 14',NULL,'Salzburg',NULL,'5020','Austria',1401,71700);
INSERT INTO customers(customerNumber,customerName,contactLastName,contactFirstName,phone,addressLine1,addressLine2,city,state,postalCode,country,salesRepEmployeeNumber,creditLimit) VALUES (385,'Cruz & Sons Co.','Cruz','Arnold','+63 2 555 3587','15 McCallum Street','NatWest Center #13-03','Makati City',NULL,'1227 MM','Philippines',1621,81500);
INSERT INTO customers(customerNumber,customerName,contactLastName,contactFirstName,phone,addressLine1,addressLine2,city,state,postalCode,country,salesRepEmployeeNumber,creditLimit) VALUES (386,'L''ordine Souveniers','Moroni','Maurizio','0522-556555','Strada Provinciale 124',NULL,'Reggio Emilia',NULL,'42100','Italy',1401,121400);
INSERT INTO customers(customerNumber,customerName,contactLastName,contactFirstName,phone,addressLine1,addressLine2,city,state,postalCode,country,salesRepEmployeeNumber,creditLimit) VALUES (398,'Tokyo Collectables, Ltd','Shimamura','Akiko','+81 3 3584 0555','2-2-8 Roppongi',NULL,'Minato-ku','Tokyo','106-0032','Japan',1621,94400);
INSERT INTO customers(customerNumber,customerName,contactLastName,contactFirstName,phone,addressLine1,addressLine2,city,state,postalCode,country,salesRepEmployeeNumber,creditLimit) VALUES (406,'Auto Canal+ Petit','Perrier','Dominique','(1) 47.55.6555','25, rue Lauriston',NULL,'Paris',NULL,'75016','France',1337,95000);
INSERT INTO customers(customerNumber,customerName,contactLastName,contactFirstName,phone,addressLine1,addressLine2,city,state,postalCode,country,salesRepEmployeeNumber,creditLimit) VALUES (409,'Stuttgart Collectable Exchange','Müller','Rita','0711-555361','Adenauerallee 900',NULL,'Stuttgart',NULL,'70563','Germany',NULL,0);
INSERT INTO customers(customerNumber,customerName,contactLastName,contactFirstName,phone,addressLine1,addressLine2,city,state,postalCode,country,salesRepEmployeeNumber,creditLimit) VALUES (412,'Extreme Desk Decorations, Ltd','McRoy','Sarah','04 499 9555','101 Lambton Quay','Level 11','Wellington',NULL,NULL,'New Zealand',1612,86800);
INSERT INTO customers(customerNumber,customerName,contactLastName,contactFirstName,phone,addressLine1,addressLine2,city,state,postalCode,country,salesRepEmployeeNumber,creditLimit) VALUES (415,'Bavarian Collectables Imports, Co.','Donnermeyer','Michael','+49 89 61 08 9555','Hansastr. 15',NULL,'Munich',NULL,'80686','Germany',1504,77000);
INSERT INTO customers(customerNumber,customerName,contactLastName,contactFirstName,phone,addressLine1,addressLine2,city,state,postalCode,country,salesRepEmployeeNumber,creditLimit) VALUES (424,'Classic Legends Inc.','Hernandez','Maria','2125558493','5905 Pompton St.','Suite 750','NYC','NY','10022','USA',1286,67500);
INSERT INTO customers(customerNumber,customerName,contactLastName,contactFirstName,phone,addressLine1,addressLine2,city,state,postalCode,country,salesRepEmployeeNumber,creditLimit) VALUES (443,'Feuer Online Stores, Inc','Feuer','Alexander','0342-555176','Heerstr. 22',NULL,'Leipzig',NULL,'4179','Germany',NULL,0);
INSERT INTO customers(customerNumber,customerName,contactLastName,contactFirstName,phone,addressLine1,addressLine2,city,state,postalCode,country,salesRepEmployeeNumber,creditLimit) VALUES (447,'Gift Ideas Corp.','Lewis','Dan','2035554407','2440 Pompton St.',NULL,'Glendale','CT','97561','USA',1323,49700);
INSERT INTO customers(customerNumber,customerName,contactLastName,contactFirstName,phone,addressLine1,addressLine2,city,state,postalCode,country,salesRepEmployeeNumber,creditLimit) VALUES (448,'Scandinavian Gift Ideas','Larsson','Martha','0695-34 6555','Åkergatan 24',NULL,'Bräcke',NULL,'S-844 67','Sweden',1504,116400);
INSERT INTO customers(customerNumber,customerName,contactLastName,contactFirstName,phone,addressLine1,addressLine2,city,state,postalCode,country,salesRepEmployeeNumber,creditLimit) VALUES (450,'The Sharp Gifts Warehouse','Frick','Sue','4085553659','3086 Ingle Ln.',NULL,'San Jose','CA','94217','USA',1165,77600);
INSERT INTO customers(customerNumber,customerName,contactLastName,contactFirstName,phone,addressLine1,addressLine2,city,state,postalCode,country,salesRepEmployeeNumber,creditLimit) VALUES (452,'Mini Auto Werke','Mendel','Roland','7675-3555','Kirchgasse 6',NULL,'Graz',NULL,'8010','Austria',1401,45300);
INSERT INTO customers(customerNumber,customerName,contactLastName,contactFirstName,phone,addressLine1,addressLine2,city,state,postalCode,country,salesRepEmployeeNumber,creditLimit) VALUES (455,'Super Scale Inc.','Murphy','Leslie','2035559545','567 North Pendale Street',NULL,'New Haven','CT','97823','USA',1286,95400);
INSERT INTO customers(customerNumber,customerName,contactLastName,contactFirstName,phone,addressLine1,addressLine2,city,state,postalCode,country,salesRepEmployeeNumber,creditLimit) VALUES (456,'Microscale Inc.','Choi','Yu','2125551957','5290 North Pendale Street','Suite 200','NYC','NY','10022','USA',1286,39800);
INSERT INTO customers(customerNumber,customerName,contactLastName,contactFirstName,phone,addressLine1,addressLine2,city,state,postalCode,country,salesRepEmployeeNumber,creditLimit) VALUES (458,'Corrida Auto Replicas, Ltd','Sommer','Martín','(91) 555 22 82','C/ Araquil, 67',NULL,'Madrid',NULL,'28023','Spain',1702,104600);
INSERT INTO customers(customerNumber,customerName,contactLastName,contactFirstName,phone,addressLine1,addressLine2,city,state,postalCode,country,salesRepEmployeeNumber,creditLimit) VALUES (459,'Warburg Exchange','Ottlieb','Sven','0241-039123','Walserweg 21',NULL,'Aachen',NULL,'52066','Germany',NULL,0);
INSERT INTO customers(customerNumber,customerName,contactLastName,contactFirstName,phone,addressLine1,addressLine2,city,state,postalCode,country,salesRepEmployeeNumber,creditLimit) VALUES (462,'FunGiftIdeas.com','Benitez','Violeta','5085552555','1785 First Street',NULL,'New Bedford','MA','50553','USA',1216,85800);
INSERT INTO customers(customerNumber,customerName,contactLastName,contactFirstName,phone,addressLine1,addressLine2,city,state,postalCode,country,salesRepEmployeeNumber,creditLimit) VALUES (465,'Anton Designs, Ltd.','Anton','Carmen','+34 913 728555','c/ Gobelas, 19-1 Urb. La Florida',NULL,'Madrid',NULL,'28023','Spain',NULL,0);
INSERT INTO customers(customerNumber,customerName,contactLastName,contactFirstName,phone,addressLine1,addressLine2,city,state,postalCode,country,salesRepEmployeeNumber,creditLimit) VALUES (471,'Australian Collectables, Ltd','Clenahan','Sean','61-9-3844-6555','7 Allen Street',NULL,'Glen Waverly','Victoria','3150','Australia',1611,60300);
INSERT INTO customers(customerNumber,customerName,contactLastName,contactFirstName,phone,addressLine1,addressLine2,city,state,postalCode,country,salesRepEmployeeNumber,creditLimit) VALUES (473,'Frau da Collezione','Ricotti','Franco','+39 022515555','20093 Cologno Monzese','Alessandro Volta 16','Milan',NULL,NULL,'Italy',1401,34800);
INSERT INTO customers(customerNumber,customerName,contactLastName,contactFirstName,phone,addressLine1,addressLine2,city,state,postalCode,country,salesRepEmployeeNumber,creditLimit) VALUES (475,'West Coast Collectables Co.','Thompson','Steve','3105553722','3675 Furth Circle',NULL,'Burbank','CA','94019','USA',1166,55400);
INSERT INTO customers(customerNumber,customerName,contactLastName,contactFirstName,phone,addressLine1,addressLine2,city,state,postalCode,country,salesRepEmployeeNumber,creditLimit) VALUES (477,'Mit Vergnügen & Co.','Moos','Hanna','0621-08555','Forsterstr. 57',NULL,'Mannheim',NULL,'68306','Germany',NULL,0);
INSERT INTO customers(customerNumber,customerName,contactLastName,contactFirstName,phone,addressLine1,addressLine2,city,state,postalCode,country,salesRepEmployeeNumber,creditLimit) VALUES (480,'Kremlin Collectables, Co.','Semenov','Alexander','+7 812 293 0521','2 Pobedy Square',NULL,'Saint Petersburg',NULL,'196143','Russia',NULL,0);
INSERT INTO customers(customerNumber,customerName,contactLastName,contactFirstName,phone,addressLine1,addressLine2,city,state,postalCode,country,salesRepEmployeeNumber,creditLimit) VALUES (481,'Raanan Stores, Inc','Altagar,G M','Raanan','+ 972 9 959 8555','3 Hagalim Blv.',NULL,'Herzlia',NULL,'47625','Israel',NULL,0);
INSERT INTO customers(customerNumber,customerName,contactLastName,contactFirstName,phone,addressLine1,addressLine2,city,state,postalCode,country,salesRepEmployeeNumber,creditLimit) VALUES (484,'Iberia Gift Imports, Corp.','Roel','José Pedro','(95) 555 82 82','C/ Romero, 33',NULL,'Sevilla',NULL,'41101','Spain',1702,65700);
INSERT INTO customers(customerNumber,customerName,contactLastName,contactFirstName,phone,addressLine1,addressLine2,city,state,postalCode,country,salesRepEmployeeNumber,creditLimit) VALUES (486,'Motor Mint Distributors Inc.','Salazar','Rosa','2155559857','11328 Douglas Av.',NULL,'Philadelphia','PA','71270','USA',1323,72600);
INSERT INTO customers(customerNumber,customerName,contactLastName,contactFirstName,phone,addressLine1,addressLine2,city,state,postalCode,country,salesRepEmployeeNumber,creditLimit) VALUES (487,'Signal Collectibles Ltd.','Taylor','Sue','4155554312','2793 Furth Circle',NULL,'Brisbane','CA','94217','USA',1165,60300);
INSERT INTO customers(customerNumber,customerName,contactLastName,contactFirstName,phone,addressLine1,addressLine2,city,state,postalCode,country,salesRepEmployeeNumber,creditLimit) VALUES (489,'Double Decker Gift Stores, Ltd','Smith','Thomas','(171) 555-7555','120 Hanover Sq.',NULL,'London',NULL,'WA1 1DP','UK',1501,43300);
INSERT INTO customers(customerNumber,customerName,contactLastName,contactFirstName,phone,addressLine1,addressLine2,city,state,postalCode,country,salesRepEmployeeNumber,creditLimit) VALUES (495,'Diecast Collectables','Franco','Valarie','6175552555','6251 Ingle Ln.',NULL,'Boston','MA','51003','USA',1188,85100);
INSERT INTO customers(customerNumber,customerName,contactLastName,contactFirstName,phone,addressLine1,addressLine2,city,state,postalCode,country,salesRepEmployeeNumber,creditLimit) VALUES (496,'Kelly''s Gift Shop','Snowden','Tony','+64 9 5555500','Arenales 1938 3''A''',NULL,'Auckland',NULL,NULL,'New Zealand',1612,110000);


--All the other (Orders,Order Details,Payments,products) tables data were inserted by using "SQL Spread" Add on in Microsoft Excel.---




--1----------------

SELECT top 5 customername FROM customers  
order by creditlimit desc;

--2----------------

SELECT top 5 customername FROM customers  
order by creditlimit asc;


--3----------------

SELECT orderlinenumber,sum(quantityordered*priceeach) as sub_total
from orderdetails
group by orderlinenumber
order by sub_total


--4----------------

SELECT extract(month from paymentdate) as month, SUM(amount) as total_payment
from payments
group by extract(month from paymentdate);



--5----------------

SELECT PRODUCTNAME,BUYPRICE
FROM PRODUCTS
WHERE BUYPRICE > (SELECT AVG(BUYPRICE)
FROM PRODUCTS)


--6----------------

SELECT customernumber, amount from payments
where amount > (SELECT avg(amount) from payments) ;


---7--------------
SELECT ORDERS.ORDERNUMBER,ORDERS.STATUS,SUM(QUANTITYORDERED*PRICEEACH) AS TOTAL
FROM ORDERS
INNER JOIN ORDERDETAILS
ON ORDERS.ORDERNUMBER=ORDERDETAILS.ORDERNUMBER
GROUP BY ORDERS.ORDERNUMBER,ORDERS.STATUS


---8--------------
SELECT ORDERS.ORDERNUMBER,ORDERS.STATUS,PRODUCTS.PRODUCTCODE,PRODUCTS.PRODUCTNAME,SUM(QUANTITYORDERED*PRICEEACH) AS TOTAL
FROM ORDERS
INNER JOIN ORDERDETAILS
ON ORDERS.ORDERNUMBER=ORDERDETAILS.ORDERNUMBER
INNER JOIN PRODUCTS
ON ORDERDETAILS.PRODUCTCODE=PRODUCTS.PRODUCTCODE
GROUP BY ORDERS.ORDERNUMBER,ORDERS.STATUS,PRODUCTS.PRODUCTCODE,PRODUCTS.PRODUCTNAME

---9--------------
SELECT PRODUCTS.PRODUCTNAME,ORDERDETAILS.PRICEEACH
FROM PRODUCTS
INNER JOIN ORDERDETAILS
ON ORDERDETAILS.PRODUCTCODE=PRODUCTS.PRODUCTCODE
WHERE PRODUCTS.MSRP>ORDERDETAILS.PRICEEACH


---10--------------
SELECT CUSTOMERS.CUSTOMERNUMBER,CUSTOMERS.CUSTOMERNAME,ORDERS.ORDERDATE,SUM(ORDERDETAILS.QUANTITYORDERED) AS TOTAL_ORDER_AMOUNTS
FROM CUSTOMERS
INNER JOIN ORDERS
ON CUSTOMERS.CUSTOMERNUMBER=ORDERS.CUSTOMERNUMBER
INNER JOIN ORDERDETAILS
ON ORDERS.ORDERNUMBER=ORDERDETAILS.ORDERNUMBER
GROUP BY CUSTOMERS.CUSTOMERNUMBER,CUSTOMERS.CUSTOMERNAME,ORDERS.ORDERDATE


---11--------------
SELECT EMPLOYEES.EMPLOYEENUMBER,CONCAT(CONCAT(EMPLOYEES.FIRSTNAME,' '),EMPLOYEES.LASTNAME)AS FULL_NAME,COUNT(CUSTOMERS.CUSTOMERNAME) AS NO_CUST
FROM EMPLOYEES
LEFT OUTER JOIN CUSTOMERS
ON EMPLOYEES.EMPLOYEENUMBER=CUSTOMERS.SALESREPEMPLOYEENUMBER
GROUP BY EMPLOYEES.FIRSTNAME,EMPLOYEES.LASTNAME,EMPLOYEES.EMPLOYEENUMBER


---12--------------

SELECT EMPLOYEE.EMPLOYEENUMBER,
       EMPLOYEE.REPORTSTO,
       EMPLOYEE.JOBTITLE,
       CONCAT(CONCAT(EMPLOYEE.FIRSTNAME,' '),EMPLOYEE.LASTNAME)AS FULL_NAME,
       CONCAT(CONCAT(MANAGER.FIRSTNAME,' '),MANAGER.LASTNAME)AS MANAGER_NAME 
FROM EMPLOYEES EMPLOYEE
INNER JOIN EMPLOYEES MANAGER
ON EMPLOYEE.REPORTSTO=MANAGER.EMPLOYEENUMBER
WHERE EMPLOYEE.REPORTSTO IN(SELECT EMPLOYEE.EMPLOYEENUMBER FROM EMPLOYEES EMPLOYEE WHERE EMPLOYEE.JOBTITLE='Sales Manager (APAC)' OR EMPLOYEE.JOBTITLE='Sale Manager (EMEA)' OR EMPLOYEE.JOBTITLE='Sales Manager (NA)' )


---13--------------

SELECT ORDERNUMBER,SUM(QUANTITYORDERED) AS TOTALORDERS,SUM(PRICEEACH*QUANTITYORDERED)TOTAL_SALE
FROM ORDERDETAILS
GROUP BY ORDERNUMBER
HAVING SUM(PRICEEACH*QUANTITYORDERED)>50000 AND SUM(QUANTITYORDERED)>600

---14--------------
SELECT CUSTOMERNAME
FROM CUSTOMERS
WHERE NOT EXISTS (SELECT 1 FROM ORDERS WHERE CUSTOMERS.CUSTOMERNUMBER=ORDERS.CUSTOMERNUMBER)

---15--------------
SELECT 
       ORDERS_A.CUSTOMERNUMBER,
       SUM(ORDERDETAILS_A.PRICEEACH*ORDERDETAILS_A.QUANTITYORDERED)AS TOTAL_REVENUE,
              
CASE 

    WHEN SUM(ORDERDETAILS_A.PRICEEACH*ORDERDETAILS_A.QUANTITYORDERED)>= '100000' THEN 'PLATINUM'
    WHEN SUM(ORDERDETAILS_A.PRICEEACH*ORDERDETAILS_A.QUANTITYORDERED) BETWEEN '50000' AND '100000' THEN 'GOLD'
    ELSE 'SILVER'
END AS CX_CATEGORY          
FROM  ORDERS ORDERS_A
INNER JOIN ORDERDETAILS ORDERDETAILS_A
ON ORDERS_A.ORDERNUMBER=ORDERDETAILS_A.ORDERNUMBER
GROUP BY ORDERS_A.CUSTOMERNUMBER


---16--------------
SELECT CX_CATEGORY,
       COUNT(CX_CATEGORY) AS CUST_IN_CATEGORY
       
FROM(       

    SELECT 
       ORDERS_A.CUSTOMERNUMBER,
       SUM(ORDERDETAILS_A.PRICEEACH*ORDERDETAILS_A.QUANTITYORDERED)AS TOTAL_REVENUE,
              
    CASE 

    WHEN SUM(ORDERDETAILS_A.PRICEEACH*ORDERDETAILS_A.QUANTITYORDERED)>= '100000' THEN 'PLATINUM'
    WHEN SUM(ORDERDETAILS_A.PRICEEACH*ORDERDETAILS_A.QUANTITYORDERED) BETWEEN '50000' AND '100000' THEN 'GOLD'
    ELSE 'SILVER'
    END AS CX_CATEGORY          
    FROM  ORDERS ORDERS_A
    INNER JOIN ORDERDETAILS ORDERDETAILS_A
    ON ORDERS_A.ORDERNUMBER=ORDERDETAILS_A.ORDERNUMBER
    GROUP BY ORDERS_A.CUSTOMERNUMBER
    
   )CX
   GROUP BY CX_CATEGORY
   
   
   
   
---17--------------
SELECT CX_CATEGORY,
       AVG(TOTAL_REVENUE) AS AVERAGE_REVENUE
       
FROM(       

    SELECT 
       ORDERS_A.CUSTOMERNUMBER,
       SUM(ORDERDETAILS_A.PRICEEACH*ORDERDETAILS_A.QUANTITYORDERED)AS TOTAL_REVENUE,
              
    CASE 

    WHEN SUM(ORDERDETAILS_A.PRICEEACH*ORDERDETAILS_A.QUANTITYORDERED)>= '100000' THEN 'PLATINUM'
    WHEN SUM(ORDERDETAILS_A.PRICEEACH*ORDERDETAILS_A.QUANTITYORDERED) BETWEEN '50000' AND '100000' THEN 'GOLD'
    ELSE 'SILVER'
    END AS CX_CATEGORY          
    FROM  ORDERS ORDERS_A
    INNER JOIN ORDERDETAILS ORDERDETAILS_A
    ON ORDERS_A.ORDERNUMBER=ORDERDETAILS_A.ORDERNUMBER
    GROUP BY ORDERS_A.CUSTOMERNUMBER
    
   )CX
   GROUP BY CX_CATEGORY
   
   
 ---18-------------- 
   
   SELECT MAX(CX.CX_CATEGORY) AS CX_CATEGORY,
          CUSTOMERS.COUNTRY
       
FROM(       

    SELECT 
       ORDERS_A.CUSTOMERNUMBER,
       SUM(ORDERDETAILS_A.PRICEEACH*ORDERDETAILS_A.QUANTITYORDERED)AS TOTAL_REVENUE,
              
    CASE 

    WHEN SUM(ORDERDETAILS_A.PRICEEACH*ORDERDETAILS_A.QUANTITYORDERED)>= '100000' THEN 'PLATINUM'
    WHEN SUM(ORDERDETAILS_A.PRICEEACH*ORDERDETAILS_A.QUANTITYORDERED) BETWEEN '50000' AND '100000' THEN 'GOLD'
    ELSE 'SILVER'
    END AS CX_CATEGORY          
    FROM  ORDERS ORDERS_A
    INNER JOIN ORDERDETAILS ORDERDETAILS_A
    ON ORDERS_A.ORDERNUMBER=ORDERDETAILS_A.ORDERNUMBER
    GROUP BY ORDERS_A.CUSTOMERNUMBER
    
   )CX
   INNER JOIN CUSTOMERS
   ON CX.CUSTOMERNUMBER=CUSTOMERS.CUSTOMERNUMBER
   GROUP BY CUSTOMERS.COUNTRY
   
   

 ---19-------------- 
 CREATE TABLE vendors (
 vendorID int,
 vendorname varchar(50),
 phone varchar(50),
 city varchar(50),
 state varchar(50),
 country varchar(50),
 constraint vendor_pk primary key(vendorID) );
 
 
 INSERT INTO vendors (vendorID,vendorname,phone,city, state,country)
 (SELECT CUSTOMERNUMBER,CUSTOMERNAME,PHONE,CITY,STATE,COUNTRY
 FROM CUSTOMERS WHERE COUNTRY='France' );
 



